zs,zp1,zr1,zp2,zr2,G_exact,G,reduction_abs,direction,center_distance_mm,planet1_tip_clearance_mm,planet2_tip_clearance_mm
20,25,70,27,72,-1/90,-0.011111111111111112,90.0,opposite,22.5,11.97114317029974,9.97114317029974
20,28,76,26,74,5/518,0.009652509652509652,103.6,same,24.0,11.569219381653056,13.569219381653056
20,28,76,30,78,-5/546,-0.009157509157509158,109.2,opposite,24.0,11.569219381653056,9.569219381653056
20,34,88,31,85,3/289,0.010380622837370242,96.33333333333333,same,27.0,10.765371804359681,13.765371804359681
20,34,88,37,91,-15/1547,-0.009696186166774402,103.13333333333334,opposite,27.0,10.765371804359681,7.765371804359681
20,37,94,41,98,-20/1813,-0.011031439602868174,90.65,opposite,28.5,10.363448015712997,6.363448015712997
20,40,100,36,96,1/96,0.010416666666666666,96.0,same,30.0,9.961524227066313,13.961524227066313
20,40,100,44,104,-1/104,-0.009615384615384616,104.0,opposite,30.0,9.961524227066313,5.961524227066313
20,43,106,39,102,20/2193,0.009119927040583675,109.65,same,31.5,9.55960043841963,13.55960043841963
20,43,106,48,111,-50/4773,-0.010475591870940708,95.46,opposite,31.5,9.55960043841963,4.559600438419629
20,46,112,41,107,25/2461,0.010158472165786265,98.44,same,33.0,9.157676649772945,14.157676649772945
20,46,112,51,117,-25/2691,-0.00929022668153103,107.64,opposite,33.0,9.157676649772945,4.157676649772945
20,46,112,52,118,-15/1357,-0.01105379513633014,90.46666666666667,opposite,33.0,9.157676649772945,3.157676649772945
20,49,118,43,112,15/1372,0.010932944606413994,91.46666666666667,same,34.5,8.755752861126261,14.755752861126261
20,49,118,55,124,-15/1519,-0.009874917709019092,101.26666666666667,opposite,34.5,8.755752861126261,2.755752861126261
20,52,124,46,118,15/1534,0.009778357235984355,102.26666666666667,same,36.0,8.353829072479577,14.353829072479577
20,52,124,59,131,-35/3406,-0.010275983558426306,97.31428571428572,opposite,36.0,8.353829072479577,1.3538290724795772
20,55,130,48,123,14/1353,0.010347376201034738,96.64285714285714,same,37.5,7.9519052838329,14.9519052838329
20,58,136,50,128,5/464,0.010775862068965518,92.8,same,39.0,7.549981495186216,15.549981495186216
20,58,136,51,129,35/3741,0.009355787222667736,106.88571428571429,same,39.0,7.549981495186216,14.549981495186216
21,27,75,25,73,7/657,0.0106544901065449,93.85714285714286,same,24.0,12.569219381653056,14.569219381653056
21,27,75,29,77,-1/99,-0.010101010101010102,99.0,opposite,24.0,12.569219381653056,10.569219381653056
21,33,87,36,90,-7/660,-0.010606060606060607,94.28571428571429,opposite,27.0,11.765371804359681,8.765371804359681
21,36,93,33,90,7/720,0.009722222222222222,102.85714285714286,same,28.5,11.363448015712997,14.363448015712997
21,36,93,39,96,-7/768,-0.009114583333333334,109.71428571428571,opposite,28.5,11.363448015712997,8.363448015712997
21,39,99,43,103,-14/1339,-0.010455563853622106,95.64285714285714,opposite,30.0,10.961524227066313,6.961524227066313
21,42,105,38,101,1/101,0.009900990099009901,101.0,same,31.5,10.55960043841963,14.55960043841963
21,42,105,46,109,-1/109,-0.009174311926605505,109.0,opposite,31.5,10.55960043841963,6.559600438419629
21,45,111,40,106,7/636,0.0110062893081761,90.85714285714286,same,33.0,10.157676649772945,15.157676649772945
21,45,111,50,116,-7/696,-0.010057471264367816,99.42857142857143,opposite,33.0,10.157676649772945,5.157676649772945
21,48,117,43,112,5/512,0.009765625,102.4,same,34.5,9.755752861126261,14.755752861126261
21,48,117,54,123,-7/656,-0.010670731707317074,93.71428571428571,opposite,34.5,9.755752861126261,3.755752861126261
21,51,123,45,117,7/663,0.010558069381598794,94.71428571428571,same,36.0,9.353829072479577,15.353829072479577
21,51,123,57,129,-7/731,-0.009575923392612859,104.42857142857143,opposite,36.0,9.353829072479577,3.353829072479577
21,51,123,58,130,-49/4420,-0.011085972850678734,90.20408163265306,opposite,36.0,9.353829072479577,2.353829072479577
21,54,129,48,123,7/738,0.009485094850948509,105.42857142857143,same,37.5,8.9519052838329,14.9519052838329
21,57,135,50,128,49/4864,0.010074013157894737,99.26530612244898,same,39.0,8.549981495186216,15.549981495186216
21,60,141,52,133,1/95,0.010526315789473684,95.0,same,40.5,8.148057706539532,16.148057706539532
21,60,141,53,134,49/5360,0.00914179104477612,109.38775510204081,same,40.5,8.148057706539532,15.148057706539532
22,29,80,27,78,11/1131,0.009725906277630416,102.81818181818181,same,25.5,13.167295593006365,15.167295593006365
22,29,80,31,82,-11/1189,-0.009251471825063078,108.0909090909091,opposite,25.5,13.167295593006365,11.167295593006365
22,35,92,32,89,33/3115,0.01059390048154093,94.39393939393939,same,28.5,12.363448015712997,15.363448015712997
22,35,92,38,95,-33/3325,-0.009924812030075189,100.75757575757575,opposite,28.5,12.363448015712997,9.363448015712997
22,38,98,35,95,33/3610,0.009141274238227148,109.39393939393939,same,30.0,11.961524227066313,14.961524227066313
22,41,104,37,100,11/1025,0.010731707317073172,93.18181818181819,same,31.5,11.55960043841963,15.55960043841963
22,41,104,45,108,-11/1107,-0.00993676603432701,100.63636363636364,opposite,31.5,11.55960043841963,7.559600438419629
22,44,110,40,106,1/106,0.009433962264150943,106.0,same,33.0,11.157676649772945,15.157676649772945
22,44,110,49,115,-1/92,-0.010869565217391304,92.0,opposite,33.0,11.157676649772945,6.157676649772945
22,47,116,42,111,55/5217,0.010542457350967989,94.85454545454546,same,34.5,10.755752861126261,15.755752861126261
22,47,116,52,121,-5/517,-0.009671179883945842,103.4,opposite,34.5,10.755752861126261,5.755752861126261
22,50,122,45,117,11/1170,0.009401709401709401,106.36363636363636,same,36.0,10.353829072479577,15.353829072479577
22,50,122,56,128,-33/3200,-0.0103125,96.96969696969697,opposite,36.0,10.353829072479577,4.353829072479577
22,53,128,47,122,33/3233,0.010207237859573151,97.96969696969697,same,37.5,9.9519052838329,15.9519052838329
22,53,128,59,134,-33/3551,-0.009293156857223317,107.60606060606061,opposite,37.5,9.9519052838329,3.9519052838329003
22,53,128,60,135,-77/7155,-0.010761705101327743,92.92207792207792,opposite,37.5,9.9519052838329,2.9519052838329003
22,56,134,49,127,11/1016,0.010826771653543307,92.36363636363636,same,39.0,9.549981495186216,16.549981495186216
22,56,134,50,128,33/3584,0.009207589285714286,108.60606060606061,same,39.0,9.549981495186216,15.549981495186216
22,59,140,52,133,11/1121,0.009812667261373774,101.9090909090909,same,40.5,9.148057706539532,16.148057706539532
23,28,79,26,77,23/2156,0.010667903525046383,93.73913043478261,same,25.5,14.167295593006365,16.167295593006365
23,28,79,30,81,-23/2268,-0.010141093474426807,98.6086956521739,opposite,25.5,14.167295593006365,12.167295593006365
23,34,91,37,94,-69/6392,-0.010794743429286609,92.6376811594203,opposite,28.5,13.363448015712997,10.363448015712997
23,37,97,34,94,69/6956,0.009919493962047153,100.81159420289855,same,30.0,12.961524227066313,15.961524227066313
23,37,97,40,100,-69/7400,-0.009324324324324324,107.2463768115942,opposite,30.0,12.961524227066313,9.961524227066313
23,40,103,44,107,-23/2140,-0.01074766355140187,93.04347826086956,opposite,31.5,12.55960043841963,8.55960043841963
23,43,109,39,105,46/4515,0.010188261351052049,98.15217391304348,same,33.0,12.157676649772945,16.157676649772945
23,43,109,47,113,-46/4859,-0.009466968512039514,105.6304347826087,opposite,33.0,12.157676649772945,8.157676649772945
23,46,115,51,120,-1/96,-0.010416666666666666,96.0,opposite,34.5,11.755752861126261,6.755752861126261
23,49,121,44,116,115/11368,0.010116115411681914,98.85217391304347,same,36.0,11.353829072479577,16.353829072479577
23,49,121,54,126,-115/12348,-0.009313249109167476,107.37391304347825,opposite,36.0,11.353829072479577,6.353829072479577
23,49,121,55,127,-69/6223,-0.011087899726819861,90.18840579710145,opposite,36.0,11.353829072479577,5.353829072479577
23,52,127,46,121,69/6292,0.010966306420851876,91.18840579710145,same,37.5,10.9519052838329,16.9519052838329
23,52,127,58,133,-69/6916,-0.009976865240023135,100.23188405797102,opposite,37.5,10.9519052838329,4.9519052838329
23,55,133,49,127,69/6985,0.00987831066571224,101.23188405797102,same,39.0,10.549981495186216,16.549981495186216
23,58,139,51,132,161/15312,0.010514629049111808,95.1055900621118,same,40.5,10.148057706539532,17.148057706539532
24,27,78,29,80,-1/90,-0.011111111111111112,90.0,opposite,25.5,15.167295593006365,13.167295593006365
24,30,84,28,82,2/205,0.00975609756097561,102.5,same,27.0,14.765371804359681,16.76537180435968
24,30,84,32,86,-2/215,-0.009302325581395349,107.5,opposite,27.0,14.765371804359681,12.765371804359681
24,36,96,33,93,1/93,0.010752688172043012,93.0,same,30.0,13.961524227066313,16.961524227066313
24,36,96,39,99,-1/99,-0.010101010101010102,99.0,opposite,30.0,13.961524227066313,10.961524227066313
24,39,102,36,99,4/429,0.009324009324009324,107.25,same,31.5,13.55960043841963,16.55960043841963
24,42,108,38,104,1/91,0.01098901098901099,91.0,same,33.0,13.157676649772945,17.157676649772945
24,42,108,46,112,-1/98,-0.01020408163265306,98.0,opposite,33.0,13.157676649772945,9.157676649772945
24,45,114,41,110,8/825,0.009696969696969697,103.125,same,34.5,12.755752861126261,16.75575286112626
24,48,120,43,115,1/92,0.010869565217391304,92.0,same,36.0,12.353829072479577,17.353829072479577
24,48,120,53,125,-1/100,-0.01,100.0,opposite,36.0,12.353829072479577,7.353829072479577
24,51,126,46,121,20/2057,0.009722897423432183,102.85,same,37.5,11.9519052838329,16.9519052838329
24,51,126,57,132,-2/187,-0.0106951871657754,93.5,opposite,37.5,11.9519052838329,5.9519052838329
24,54,132,48,126,2/189,0.010582010582010581,94.5,same,39.0,11.549981495186216,17.549981495186216
24,54,132,60,138,-2/207,-0.00966183574879227,103.5,opposite,39.0,11.549981495186216,5.549981495186216
24,57,138,51,132,2/209,0.009569377990430622,104.5,same,40.5,11.148057706539532,17.148057706539532
24,60,144,53,137,7/685,0.010218978102189781,97.85714285714286,same,42.0,10.746133917892848,17.74613391789285
25,20,65,21,66,-5/528,-0.00946969696969697,105.6,opposite,22.5,16.97114317029974,15.97114317029974
25,29,83,27,81,25/2349,0.010642826734780758,93.96,same,27.0,15.765371804359681,17.76537180435968
25,29,83,31,85,-5/493,-0.010141987829614604,98.6,opposite,27.0,15.765371804359681,13.765371804359681
25,35,95,38,98,-15/1372,-0.010932944606413994,91.46666666666667,opposite,30.0,14.961524227066313,11.961524227066313
25,38,101,35,98,75/7448,0.010069817400644469,99.30666666666667,same,31.5,14.55960043841963,17.55960043841963
25,38,101,41,104,-75/7904,-0.009488866396761133,105.38666666666667,opposite,31.5,14.55960043841963,11.55960043841963
25,41,107,45,111,-50/4551,-0.010986596352450011,91.02,opposite,33.0,14.157676649772945,10.157676649772945
25,44,113,40,109,25/2398,0.010425354462051709,95.92,same,34.5,13.755752861126261,17.75575286112626
25,44,113,48,117,-25/2574,-0.009712509712509712,102.96,opposite,34.5,13.755752861126261,9.755752861126261
25,47,119,43,115,10/1081,0.009250693802035153,108.1,same,36.0,13.353829072479577,17.353829072479577
25,47,119,52,124,-125/11656,-0.010724090597117365,93.248,opposite,36.0,13.353829072479577,8.353829072479577
25,50,125,45,120,1/96,0.010416666666666666,96.0,same,37.5,12.9519052838329,17.9519052838329
25,50,125,55,130,-1/104,-0.009615384615384616,104.0,opposite,37.5,12.9519052838329,7.9519052838329
25,53,131,48,126,125/13356,0.009359089547768793,106.848,same,39.0,12.549981495186216,17.549981495186216
25,53,131,59,137,-75/7261,-0.010329155763668916,96.81333333333333,opposite,39.0,12.549981495186216,6.549981495186216
25,56,137,50,131,75/7336,0.010223555070883315,97.81333333333333,same,40.5,12.148057706539532,18.148057706539532
25,59,143,52,136,175/16048,0.010904785643070788,91.70285714285714,same,42.0,11.746133917892848,18.74613391789285
25,59,143,53,137,75/8083,0.009278733143634789,107.77333333333333,same,42.0,11.746133917892848,17.74613391789285
26,28,82,30,84,-13/1176,-0.011054421768707483,90.46153846153847,opposite,27.0,16.76537180435968,14.765371804359681
26,31,88,29,86,13/1333,0.009752438109527382,102.53846153846153,same,28.5,16.363448015712997,18.363448015712997
26,31,88,33,90,-13/1395,-0.00931899641577061,107.3076923076923,opposite,28.5,16.363448015712997,14.363448015712997
26,37,100,34,97,39/3589,0.010866536639732517,92.02564102564102,same,31.5,15.55960043841963,18.55960043841963
26,37,100,40,103,-39/3811,-0.010233534505379166,97.71794871794872,opposite,31.5,15.55960043841963,12.55960043841963
26,40,106,37,103,39/4120,0.009466019417475728,105.64102564102564,same,33.0,15.157676649772945,18.157676649772945
26,43,112,47,116,-13/1247,-0.010425020048115477,95.92307692307692,opposite,34.5,14.755752861126261,10.755752861126261
26,46,118,42,114,13/1311,0.009916094584286803,100.84615384615384,same,36.0,14.353829072479577,18.353829072479577
26,46,118,50,122,-13/1403,-0.009265858873841768,107.92307692307692,opposite,36.0,14.353829072479577,10.353829072479577
26,49,124,54,129,-65/6321,-0.010283183040658124,97.24615384615385,opposite,37.5,13.9519052838329,8.9519052838329
26,52,130,47,125,1/100,0.01,100.0,same,39.0,13.549981495186216,18.549981495186216
26,52,130,57,135,-1/108,-0.009259259259259259,108.0,opposite,39.0,13.549981495186216,8.549981495186216
26,52,130,58,136,-3/272,-0.011029411764705883,90.66666666666667,opposite,39.0,13.549981495186216,7.549981495186216
26,55,136,49,130,3/275,0.01090909090909091,91.66666666666667,same,40.5,13.148057706539532,19.148057706539532
26,58,142,52,136,39/3944,0.00988843813387424,101.12820512820512,same,42.0,12.746133917892848,18.74613391789285
27,21,69,20,68,9/952,0.009453781512605041,105.77777777777777,same,24.0,18.569219381653056,19.569219381653056
27,21,69,22,70,-9/980,-0.009183673469387756,108.88888888888889,opposite,24.0,18.569219381653056,17.569219381653056
27,30,87,28,85,9/850,0.010588235294117647,94.44444444444444,same,28.5,17.363448015712997,19.363448015712997
27,30,87,32,89,-9/890,-0.010112359550561797,98.88888888888889,opposite,28.5,17.363448015712997,15.363448015712997
27,36,99,39,102,-3/272,-0.011029411764705883,90.66666666666667,opposite,31.5,16.55960043841963,13.55960043841963
27,39,105,36,102,9/884,0.010180995475113122,98.22222222222223,same,33.0,16.157676649772945,19.157676649772945
27,39,105,42,108,-1/104,-0.009615384615384616,104.0,opposite,33.0,16.157676649772945,13.157676649772945
27,45,117,41,113,6/565,0.010619469026548672,94.16666666666667,same,36.0,15.353829072479577,19.353829072479577
27,45,117,49,121,-6/605,-0.009917355371900827,100.83333333333333,opposite,36.0,15.353829072479577,11.353829072479577
27,48,123,44,119,9/952,0.009453781512605041,105.77777777777777,same,37.5,14.9519052838329,18.9519052838329
27,48,123,53,128,-45/4096,-0.010986328125,91.02222222222223,opposite,37.5,14.9519052838329,9.9519052838329
27,51,129,46,124,45/4216,0.010673624288425047,93.68888888888888,same,39.0,14.549981495186216,19.549981495186216
27,51,129,56,134,-45/4556,-0.009877085162423178,101.24444444444444,opposite,39.0,14.549981495186216,9.549981495186216
27,54,135,49,130,1/104,0.009615384615384616,104.0,same,40.5,14.148057706539532,19.148057706539532
27,54,135,60,141,-1/94,-0.010638297872340425,94.0,opposite,40.5,14.148057706539532,8.148057706539532
27,57,141,51,135,1/95,0.010526315789473684,95.0,same,42.0,13.746133917892848,19.74613391789285
27,60,147,54,141,9/940,0.009574468085106383,104.44444444444444,same,43.5,13.344210129246164,19.344210129246164
28,20,68,21,69,-7/690,-0.010144927536231883,98.57142857142857,opposite,24.0,19.569219381653056,18.569219381653056
28,29,86,31,88,-7/638,-0.0109717868338558,91.14285714285714,opposite,28.5,18.363448015712997,16.363448015712997
28,32,92,30,90,7/720,0.009722222222222222,102.85714285714286,same,30.0,17.961524227066313,19.961524227066313
28,32,92,34,94,-7/752,-0.009308510638297872,107.42857142857143,opposite,30.0,17.961524227066313,15.961524227066313
28,38,104,35,101,21/1919,0.010943199583116207,91.38095238095238,same,33.0,17.157676649772945,20.157676649772945
28,38,104,41,107,-21/2033,-0.010329562223315297,96.80952380952381,opposite,33.0,17.157676649772945,14.157676649772945
28,41,110,38,107,42/4387,0.009573740597219056,104.45238095238095,same,34.5,16.75575286112626,19.75575286112626
28,44,116,48,120,-7/660,-0.010606060606060607,94.28571428571429,opposite,36.0,16.353829072479577,12.353829072479577
28,47,122,43,118,28/2773,0.01009736747205193,99.03571428571429,same,37.5,15.9519052838329,19.9519052838329
28,47,122,51,126,-4/423,-0.009456264775413711,105.75,opposite,37.5,15.9519052838329,11.9519052838329
28,50,128,55,133,-1/95,-0.010526315789473684,95.0,opposite,39.0,15.549981495186216,10.549981495186216
28,53,134,48,129,70/6837,0.010238408658768466,97.67142857142858,same,40.5,15.148057706539532,20.148057706539532
28,53,134,58,139,-70/7367,-0.009501832496267137,105.24285714285715,opposite,40.5,15.148057706539532,10.148057706539532
28,56,140,51,135,1/108,0.009259259259259259,108.0,same,42.0,14.746133917892848,19.74613391789285
28,59,146,53,140,3/295,0.010169491525423728,98.33333333333333,same,43.5,14.344210129246164,20.344210129246164
29,22,73,21,72,29/3168,0.009154040404040404,109.24137931034483,same,25.5,20.167295593006365,21.167295593006365
29,31,91,29,89,29/2759,0.010511054729974628,95.13793103448276,same,30.0,18.961524227066313,20.961524227066313
29,31,91,33,93,-29/2883,-0.010058966354491848,99.41379310344827,opposite,30.0,18.961524227066313,16.961524227066313
29,37,103,40,106,-87/7844,-0.011091279959204487,90.16091954022988,opposite,33.0,18.157676649772945,15.157676649772945
29,40,109,37,106,87/8480,0.01025943396226415,97.47126436781609,same,34.5,17.75575286112626,20.75575286112626
29,40,109,43,112,-87/8960,-0.009709821428571429,102.98850574712644,opposite,34.5,17.75575286112626,14.755752861126261
29,46,121,42,117,29/2691,0.010776662950575994,92.79310344827586,same,37.5,16.9519052838329,20.9519052838329
29,46,121,50,125,-29/2875,-0.01008695652173913,99.13793103448276,opposite,37.5,16.9519052838329,12.9519052838329
29,49,127,45,123,58/6027,0.009623361539737847,103.91379310344827,same,39.0,16.549981495186216,20.549981495186216
29,52,133,47,128,145/13312,0.010892427884615384,91.80689655172414,same,40.5,16.148057706539532,21.148057706539532
29,52,133,57,138,-145/14352,-0.010103121516164994,98.97931034482758,opposite,40.5,16.148057706539532,11.148057706539532
29,55,139,50,134,29/2948,0.00983717774762551,101.65517241379311,same,42.0,15.746133917892848,20.74613391789285
29,55,139,60,144,-29/3168,-0.009154040404040404,109.24137931034483,opposite,42.0,15.746133917892848,10.746133917892848
29,58,145,52,139,3/278,0.01079136690647482,92.66666666666667,same,43.5,15.344210129246164,21.344210129246164
30,21,72,20,71,5/497,0.01006036217303823,99.4,same,25.5,21.167295593006365,22.167295593006365
30,21,72,22,73,-5/511,-0.009784735812133072,102.2,opposite,25.5,21.167295593006365,20.167295593006365
30,30,90,32,92,-1/92,-0.010869565217391304,92.0,opposite,30.0,19.961524227066313,17.961524227066313
30,33,96,31,94,5/517,0.009671179883945842,103.4,same,31.5,19.55960043841963,21.55960043841963
30,33,96,35,98,-5/539,-0.00927643784786642,107.8,opposite,31.5,19.55960043841963,17.55960043841963
30,39,108,36,105,1/91,0.01098901098901099,91.0,same,34.5,18.75575286112626,21.75575286112626
30,39,108,42,111,-5/481,-0.010395010395010396,96.2,opposite,34.5,18.75575286112626,15.755752861126261
30,42,114,39,111,5/518,0.009652509652509652,103.6,same,36.0,18.353829072479577,21.353829072479577
30,42,114,45,117,-5/546,-0.009157509157509158,109.2,opposite,36.0,18.353829072479577,15.353829072479577
30,45,120,49,124,-1/93,-0.010752688172043012,93.0,opposite,37.5,17.9519052838329,13.9519052838329
30,48,126,44,122,5/488,0.010245901639344262,97.6,same,39.0,17.549981495186216,21.549981495186216
30,48,126,52,130,-1/104,-0.009615384615384616,104.0,opposite,39.0,17.549981495186216,13.549981495186216
30,51,132,47,128,5/544,0.009191176470588236,108.8,same,40.5,17.148057706539532,21.148057706539532
30,51,132,56,137,-25/2329,-0.010734220695577501,93.16,opposite,40.5,17.148057706539532,12.148057706539532
30,54,138,49,133,25/2394,0.010442773600668337,95.76,same,42.0,16.74613391789285,21.74613391789285
30,54,138,59,143,-25/2574,-0.009712509712509712,102.96,opposite,42.0,16.74613391789285,11.746133917892848
30,57,144,52,139,25/2641,0.00946611132146914,105.64,same,43.5,16.344210129246164,21.344210129246164
30,60,150,54,144,1/96,0.010416666666666666,96.0,same,45.0,15.94228634059948,21.94228634059948
31,20,71,21,72,-31/2880,-0.010763888888888889,92.90322580645162,opposite,25.5,22.167295593006365,21.167295593006365
31,32,95,30,93,1/96,0.010416666666666666,96.0,same,31.5,20.55960043841963,22.55960043841963
31,32,95,34,97,-31/3104,-0.009987113402061855,100.12903225806451,opposite,31.5,20.55960043841963,18.55960043841963
31,41,113,38,110,93/9020,0.010310421286031043,96.98924731182795,same,36.0,19.353829072479577,22.353829072479577
31,41,113,44,116,-93/9512,-0.0097771236333053,102.27956989247312,opposite,36.0,19.353829072479577,16.353829072479577
31,44,119,41,116,93/10208,0.00911050156739812,109.76344086021506,same,37.5,18.9519052838329,21.9519052838329
31,47,125,43,121,62/5687,0.010902057323720767,91.7258064516129,same,39.0,18.549981495186216,22.549981495186216
31,47,125,51,129,-62/6063,-0.010225960745505525,97.79032258064517,opposite,39.0,18.549981495186216,14.549981495186216
31,50,131,46,127,31/3175,0.009763779527559056,102.41935483870968,same,40.5,18.148057706539532,22.148057706539532
31,50,131,54,135,-31/3375,-0.009185185185185185,108.87096774193549,opposite,40.5,18.148057706539532,14.148057706539532
31,53,137,48,132,155/13992,0.011077758719268154,90.27096774193548,same,42.0,17.74613391789285,22.74613391789285
31,53,137,58,142,-155/15052,-0.010297634865798565,97.10967741935484,opposite,42.0,17.74613391789285,12.746133917892848
31,56,143,51,138,155/15456,0.010028467908902692,99.71612903225807,same,43.5,17.344210129246164,22.344210129246164
31,59,149,53,143,93/8437,0.01102287542965509,90.72043010752688,same,45.0,16.94228634059948,22.94228634059948
31,59,149,54,144,155/16992,0.009121939736346516,109.6258064516129,same,45.0,16.94228634059948,21.94228634059948
32,22,76,21,75,8/825,0.009696969696969697,103.125,same,27.0,22.76537180435968,23.76537180435968
32,22,76,23,77,-8/847,-0.009445100354191263,105.875,opposite,27.0,22.76537180435968,21.76537180435968
32,31,94,33,96,-1/93,-0.010752688172043012,93.0,opposite,31.5,21.55960043841963,19.55960043841963
32,34,100,32,98,8/833,0.009603841536614645,104.125,same,33.0,21.157676649772945,23.157676649772945
32,34,100,36,102,-8/867,-0.00922722029988466,108.375,opposite,33.0,21.157676649772945,19.157676649772945
32,40,112,37,109,6/545,0.011009174311926606,90.83333333333333,same,36.0,20.353829072479577,23.353829072479577
32,40,112,43,115,-6/575,-0.010434782608695653,95.83333333333333,opposite,36.0,20.353829072479577,17.353829072479577
32,43,118,40,115,48/4945,0.009706774519716885,103.02083333333333,same,37.5,19.9519052838329,22.9519052838329
32,43,118,46,121,-48/5203,-0.009225446857582165,108.39583333333333,opposite,37.5,19.9519052838329,16.9519052838329
32,46,124,50,128,-1/92,-0.010869565217391304,92.0,opposite,39.0,19.549981495186216,15.549981495186216
32,49,130,45,126,32/3087,0.010366051182377713,96.46875,same,40.5,19.148057706539532,23.148057706539532
32,49,130,53,134,-32/3283,-0.009747182455071581,102.59375,opposite,40.5,19.148057706539532,15.148057706539532
32,52,136,48,132,4/429,0.009324009324009324,107.25,same,42.0,18.74613391789285,22.74613391789285
32,52,136,57,141,-20/1833,-0.010911074740861976,91.65,opposite,42.0,18.74613391789285,13.746133917892848
32,55,142,50,137,16/1507,0.010617120106171201,94.1875,same,43.5,18.344210129246164,23.344210129246164
32,55,142,60,147,-16/1617,-0.009894867037724181,101.0625,opposite,43.5,18.344210129246164,13.344210129246164
32,58,148,53,143,40/4147,0.009645526886906198,103.675,same,45.0,17.94228634059948,22.94228634059948
33,21,75,20,74,11/1036,0.010617760617760617,94.18181818181819,same,27.0,23.76537180435968,24.76537180435968
33,21,75,22,76,-11/1064,-0.010338345864661654,96.72727272727273,opposite,27.0,23.76537180435968,22.76537180435968
33,33,99,31,97,1/97,0.010309278350515464,97.0,same,33.0,22.157676649772945,24.157676649772945
33,33,99,35,101,-1/101,-0.009900990099009901,101.0,opposite,33.0,22.157676649772945,20.157676649772945
33,42,117,39,114,11/1064,0.010338345864661654,96.72727272727273,same,37.5,20.9519052838329,23.9519052838329
33,42,117,45,120,-11/1120,-0.009821428571428571,101.81818181818181,opposite,37.5,20.9519052838329,17.9519052838329
33,45,123,42,120,11/1200,0.009166666666666667,109.0909090909091,same,39.0,20.549981495186216,23.549981495186216
33,48,129,44,125,11/1000,0.011,90.9090909090909,same,40.5,20.148057706539532,24.148057706539532
33,48,129,52,133,-11/1064,-0.010338345864661654,96.72727272727273,opposite,40.5,20.148057706539532,16.148057706539532
33,51,135,47,131,22/2227,0.009878760664571173,101.22727272727273,same,42.0,19.74613391789285,23.74613391789285
33,51,135,55,139,-22/2363,-0.009310198899703767,107.4090909090909,opposite,42.0,19.74613391789285,15.746133917892848
33,54,141,59,146,-55/5256,-0.010464231354642313,95.56363636363636,opposite,43.5,19.344210129246164,14.344210129246164
33,57,147,52,142,55/5396,0.010192735359525574,98.10909090909091,same,45.0,18.94228634059948,23.94228634059948
33,60,153,55,148,11/1184,0.009290540540540541,107.63636363636364,same,46.5,18.540362551952796,23.540362551952796
34,23,80,22,79,17/1817,0.009356081452944413,106.88235294117646,same,28.5,24.363448015712997,25.363448015712997
34,23,80,24,81,-17/1863,-0.00912506709608159,109.58823529411765,opposite,28.5,24.363448015712997,23.363448015712997
34,32,98,30,96,17/1536,0.011067708333333334,90.3529411764706,same,33.0,23.157676649772945,25.157676649772945
34,32,98,34,100,-17/1600,-0.010625,94.11764705882354,opposite,33.0,23.157676649772945,21.157676649772945
34,35,104,33,102,1/105,0.009523809523809525,105.0,same,34.5,22.75575286112626,24.75575286112626
34,35,104,37,106,-17/1855,-0.009164420485175202,109.11764705882354,opposite,34.5,22.75575286112626,20.75575286112626
34,41,116,38,113,51/4633,0.011007986186056551,90.84313725490196,same,37.5,21.9519052838329,24.9519052838329
34,41,116,44,119,-3/287,-0.010452961672473868,95.66666666666667,opposite,37.5,21.9519052838329,18.9519052838329
34,44,122,41,119,3/308,0.00974025974025974,102.66666666666667,same,39.0,21.549981495186216,24.549981495186216
34,44,122,47,125,-51/5500,-0.009272727272727273,107.84313725490196,opposite,39.0,21.549981495186216,18.549981495186216
34,47,128,51,132,-17/1551,-0.01096067053513862,91.23529411764706,opposite,40.5,21.148057706539532,17.148057706539532
34,50,134,46,130,17/1625,0.010461538461538461,95.58823529411765,same,42.0,20.74613391789285,24.74613391789285
34,50,134,54,138,-17/1725,-0.009855072463768115,101.47058823529412,opposite,42.0,20.74613391789285,16.74613391789285
34,53,140,49,136,1/106,0.009433962264150943,106.0,same,43.5,20.344210129246164,24.344210129246164
34,53,140,58,145,-17/1537,-0.011060507482108002,90.41176470588235,opposite,43.5,20.344210129246164,15.344210129246164
34,56,146,51,141,85/7896,0.010764944275582573,92.89411764705882,same,45.0,19.94228634059948,24.94228634059948
34,59,152,54,147,85/8673,0.009800530381644183,102.03529411764706,same,46.5,19.540362551952796,24.540362551952796
35,22,79,21,78,35/3432,0.010198135198135198,98.05714285714286,same,28.5,25.363448015712997,26.363448015712997
35,22,79,23,80,-7/704,-0.009943181818181818,100.57142857142857,opposite,28.5,25.363448015712997,24.363448015712997
35,34,103,32,101,35/3434,0.01019219569015725,98.11428571428571,same,34.5,23.75575286112626,25.75575286112626
35,34,103,36,105,-1/102,-0.00980392156862745,102.0,opposite,34.5,23.75575286112626,21.75575286112626
35,43,121,40,118,105/10148,0.010346866377611352,96.64761904761905,same,39.0,22.549981495186216,25.549981495186216
35,43,121,46,124,-105/10664,-0.009846211552888222,101.56190476190476,opposite,39.0,22.549981495186216,19.549981495186216
35,46,127,43,124,105/11408,0.00920406732117812,108.64761904761905,same,40.5,22.148057706539532,25.148057706539532
35,49,133,45,129,10/903,0.01107419712070875,90.3,same,42.0,21.74613391789285,25.74613391789285
35,49,133,53,137,-10/959,-0.010427528675703858,95.9,opposite,42.0,21.74613391789285,17.74613391789285
35,52,139,48,135,7/702,0.009971509971509971,100.28571428571429,same,43.5,21.344210129246164,25.344210129246164
35,52,139,56,143,-35/3718,-0.009413663259817106,106.22857142857143,opposite,43.5,21.344210129246164,17.344210129246164
35,55,145,60,150,-7/660,-0.010606060606060607,94.28571428571429,opposite,45.0,20.94228634059948,15.94228634059948
35,58,151,53,146,175/16936,0.010333018422295701,96.77714285714286,same,46.5,20.540362551952796,25.540362551952796
36,21,78,22,79,-6/553,-0.0108499095840868,92.16666666666667,opposite,28.5,26.363448015712997,25.363448015712997
36,33,102,31,100,3/275,0.01090909090909091,91.66666666666667,same,34.5,24.75575286112626,26.75575286112626
36,33,102,35,104,-3/286,-0.01048951048951049,95.33333333333333,opposite,34.5,24.75575286112626,22.75575286112626
36,36,108,34,106,1/106,0.009433962264150943,106.0,same,36.0,24.353829072479577,26.353829072479577
36,36,108,38,110,-1/110,-0.00909090909090909,110.0,opposite,36.0,24.353829072479577,22.353829072479577
36,42,120,39,117,1/91,0.01098901098901099,91.0,same,39.0,23.549981495186216,26.549981495186216
36,42,120,45,123,-3/287,-0.010452961672473868,95.66666666666667,opposite,39.0,23.549981495186216,20.549981495186216
36,45,126,42,123,2/205,0.00975609756097561,102.5,same,40.5,23.148057706539532,26.148057706539532
36,45,126,48,129,-2/215,-0.009302325581395349,107.5,opposite,40.5,23.148057706539532,20.148057706539532
36,48,132,52,136,-3/272,-0.011029411764705883,90.66666666666667,opposite,42.0,22.74613391789285,18.74613391789285
36,51,138,47,134,12/1139,0.010535557506584723,94.91666666666667,same,43.5,22.344210129246164,26.344210129246164
36,51,138,55,142,-12/1207,-0.009942004971002486,100.58333333333333,opposite,43.5,22.344210129246164,18.344210129246164
36,54,144,50,140,1/105,0.009523809523809525,105.0,same,45.0,21.94228634059948,25.94228634059948
36,57,150,52,145,6/551,0.010889292196007259,91.83333333333333,same,46.5,21.540362551952796,26.540362551952796
36,60,156,55,151,3/302,0.009933774834437087,100.66666666666667,same,48.0,21.138438763306112,26.138438763306112
37,23,83,22,82,37/3772,0.009809119830328738,101.94594594594595,same,30.0,26.961524227066313,27.961524227066313
37,23,83,24,84,-37/3864,-0.009575569358178054,104.43243243243244,opposite,30.0,26.961524227066313,25.961524227066313
37,35,107,33,105,37/3675,0.010068027210884354,99.32432432432432,same,36.0,25.353829072479577,27.353829072479577
37,35,107,37,109,-37/3815,-0.009698558322411533,103.10810810810811,opposite,36.0,25.353829072479577,23.353829072479577
37,41,119,44,122,-111/10004,-0.011095561775289885,90.12612612612612,opposite,39.0,24.549981495186216,21.549981495186216
37,44,125,41,122,111/10736,0.010339046199701937,96.72072072072072,same,40.5,24.148057706539532,27.148057706539532
37,44,125,47,128,-111/11264,-0.00985440340909091,101.47747747747748,opposite,40.5,24.148057706539532,21.148057706539532
37,47,131,44,128,111/12032,0.009225398936170214,108.3963963963964,same,42.0,23.74613391789285,26.74613391789285
37,50,137,54,141,-37/3525,-0.01049645390070922,95.27027027027027,opposite,43.5,23.344210129246164,19.344210129246164
37,53,143,49,139,74/7367,0.010044794353196688,99.55405405405405,same,45.0,22.94228634059948,26.94228634059948
37,53,143,57,147,-74/7791,-0.009498138878192787,105.28378378378379,opposite,45.0,22.94228634059948,18.94228634059948
37,56,149,52,145,37/4060,0.009113300492610837,109.72972972972973,same,46.5,22.540362551952796,26.540362551952796
37,59,155,54,150,37/3540,0.010451977401129943,95.67567567567568,same,48.0,22.138438763306112,27.138438763306112
38,22,82,21,81,19/1782,0.010662177328843996,93.78947368421052,same,30.0,27.961524227066313,28.961524227066313
38,22,82,23,83,-19/1826,-0.0104052573932092,96.10526315789474,opposite,30.0,27.961524227066313,26.961524227066313
38,34,106,32,104,19/1768,0.010746606334841629,93.05263157894737,same,36.0,26.353829072479577,28.353829072479577
38,34,106,36,108,-19/1836,-0.010348583877995643,96.63157894736842,opposite,36.0,26.353829072479577,24.353829072479577
38,37,112,35,110,19/2035,0.009336609336609337,107.10526315789474,same,37.5,25.9519052838329,27.9519052838329
38,43,124,40,121,57/5203,0.01095521814337882,91.28070175438596,same,40.5,25.148057706539532,28.148057706539532
38,43,124,46,127,-57/5461,-0.010437648782274309,95.80701754385964,opposite,40.5,25.148057706539532,22.148057706539532
38,46,130,43,127,57/5842,0.009756932557343376,102.49122807017544,same,42.0,24.74613391789285,27.74613391789285
38,46,130,49,133,-3/322,-0.009316770186335404,107.33333333333333,opposite,42.0,24.74613391789285,21.74613391789285
38,49,136,53,140,-19/1715,-0.011078717201166181,90.26315789473684,opposite,43.5,24.344210129246164,20.344210129246164
38,52,142,48,138,19/1794,0.010590858416945374,94.42105263157895,same,45.0,23.94228634059948,27.94228634059948
38,52,142,56,146,-19/1898,-0.010010537407797681,99.89473684210526,opposite,45.0,23.94228634059948,19.94228634059948
38,55,148,51,144,19/1980,0.009595959595959595,104.21052631578948,same,46.5,23.540362551952796,27.540362551952796
38,55,148,59,152,-1/110,-0.00909090909090909,110.0,opposite,46.5,23.540362551952796,19.540362551952796
38,58,154,53,149,95/8642,0.010992825734783615,90.96842105263158,same,48.0,23.138438763306112,28.138438763306112
39,24,87,23,86,13/1376,0.00944767441860465,105.84615384615384,same,31.5,28.55960043841963,29.55960043841963
39,24,87,25,88,-13/1408,-0.009232954545454546,108.3076923076923,opposite,31.5,28.55960043841963,27.55960043841963
39,33,105,35,107,-13/1177,-0.011045029736618521,90.53846153846153,opposite,36.0,27.353829072479577,25.353829072479577
39,36,111,34,109,13/1308,0.009938837920489297,100.61538461538461,same,37.5,26.9519052838329,28.9519052838329
39,36,111,38,113,-13/1356,-0.009587020648967551,104.3076923076923,opposite,37.5,26.9519052838329,24.9519052838329
39,42,123,45,126,-13/1176,-0.011054421768707483,90.46153846153847,opposite,40.5,26.148057706539532,23.148057706539532
39,45,129,42,126,13/1260,0.010317460317460317,96.92307692307692,same,42.0,25.74613391789285,28.74613391789285
39,45,129,48,132,-13/1320,-0.009848484848484848,101.53846153846153,opposite,42.0,25.74613391789285,22.74613391789285
39,48,135,45,132,13/1408,0.009232954545454546,108.3076923076923,same,43.5,25.344210129246164,28.344210129246164
39,51,141,55,145,-26/2465,-0.010547667342799188,94.8076923076923,opposite,45.0,24.94228634059948,20.94228634059948
39,54,147,50,143,1/99,0.010101010101010102,99.0,same,46.5,24.540362551952796,28.540362551952796
39,54,147,58,151,-13/1359,-0.009565857247976454,104.53846153846153,opposite,46.5,24.540362551952796,20.540362551952796
39,57,153,53,149,26/2831,0.009184033910279053,108.88461538461539,same,48.0,24.138438763306112,28.138438763306112
39,60,159,55,154,13/1232,0.010551948051948052,94.76923076923077,same,49.5,23.736514974659414,28.736514974659414
40,23,86,22,85,4/391,0.010230179028132993,97.75,same,31.5,29.55960043841963,30.55960043841963
40,23,86,24,87,-20/2001,-0.009995002498750625,100.05,opposite,31.5,29.55960043841963,28.55960043841963
40,35,110,33,108,2/189,0.010582010582010581,94.5,same,37.5,27.9519052838329,29.9519052838329
40,35,110,37,112,-1/98,-0.01020408163265306,98.0,opposite,37.5,27.9519052838329,25.9519052838329
40,38,116,36,114,10/1083,0.009233610341643583,108.3,same,39.0,27.549981495186216,29.549981495186216
40,44,128,41,125,3/275,0.01090909090909091,91.66666666666667,same,42.0,26.74613391789285,29.74613391789285
40,44,128,47,131,-15/1441,-0.010409437890353921,96.06666666666666,opposite,42.0,26.74613391789285,23.74613391789285
40,47,134,44,131,60/6157,0.009745005684586649,102.61666666666666,same,43.5,26.344210129246164,29.344210129246164
40,47,134,50,137,-60/6439,-0.009318217114458767,107.31666666666666,opposite,43.5,26.344210129246164,23.344210129246164
40,50,140,54,144,-1/90,-0.011111111111111112,90.0,opposite,45.0,25.94228634059948,21.94228634059948
40,53,146,49,142,40/3763,0.010629816635663035,94.075,same,46.5,25.540362551952796,29.540362551952796
40,53,146,57,150,-8/795,-0.010062893081761006,99.375,opposite,46.5,25.540362551952796,21.540362551952796
40,56,152,52,148,5/518,0.009652509652509652,103.6,same,48.0,25.138438763306112,29.138438763306112
40,56,152,60,156,-5/546,-0.009157509157509158,109.2,opposite,48.0,25.138438763306112,21.138438763306112
40,59,158,54,153,100/9027,0.011077877478675086,90.27,same,49.5,24.736514974659414,29.736514974659414
41,22,85,21,84,41/3696,0.011093073593073594,90.14634146341463,same,31.5,30.55960043841963,31.55960043841963
41,22,85,23,86,-41/3784,-0.010835095137420718,92.29268292682927,opposite,31.5,30.55960043841963,29.55960043841963
41,25,91,24,90,41/4500,0.009111111111111111,109.7560975609756,same,33.0,30.157676649772945,31.157676649772945
41,34,109,36,111,-41/3774,-0.01086380498145204,92.04878048780488,opposite,37.5,28.9519052838329,26.9519052838329
41,37,115,35,113,41/4181,0.009806266443434585,101.97560975609755,same,39.0,28.549981495186216,30.549981495186216
41,37,115,39,117,-41/4329,-0.009471009471009472,105.58536585365853,opposite,39.0,28.549981495186216,26.549981495186216
41,43,127,46,130,-123/11180,-0.011001788908765653,90.89430894308943,opposite,42.0,27.74613391789285,24.74613391789285
41,46,133,43,130,123/11960,0.01028428093645485,97.23577235772358,same,43.5,27.344210129246164,30.344210129246164
41,46,133,49,136,-123/12512,-0.009830562659846546,101.72357723577235,opposite,43.5,27.344210129246164,24.344210129246164
41,49,139,46,136,123/13328,0.009228691476590636,108.35772357723577,same,45.0,26.94228634059948,29.94228634059948
41,52,145,56,149,-41/3874,-0.010583376355188436,94.48780487804878,opposite,46.5,26.540362551952796,22.540362551952796
41,55,151,51,147,82/8085,0.010142238713667285,98.59756097560975,same,48.0,26.138438763306112,30.138438763306112
41,55,151,59,155,-82/8525,-0.009618768328445748,103.96341463414635,opposite,48.0,26.138438763306112,22.138438763306112
41,58,157,54,153,41/4437,0.009240477800315528,108.21951219512195,same,49.5,25.736514974659414,29.736514974659414
42,24,90,23,89,7/712,0.009831460674157303,101.71428571428571,same,33.0,31.157676649772945,32.157676649772945
42,24,90,25,91,-1/104,-0.009615384615384616,104.0,opposite,33.0,31.157676649772945,30.157676649772945
42,36,114,34,112,1/96,0.010416666666666666,96.0,same,39.0,29.549981495186216,31.549981495186216
42,36,114,38,116,-7/696,-0.010057471264367816,99.42857142857143,opposite,39.0,29.549981495186216,27.549981495186216
42,39,120,37,118,7/767,0.009126466753585397,109.57142857142857,same,40.5,29.148057706539532,31.148057706539532
42,45,132,42,129,7/645,0.010852713178294573,92.14285714285714,same,43.5,28.344210129246164,31.344210129246164
42,45,132,48,135,-7/675,-0.01037037037037037,96.42857142857143,opposite,43.5,28.344210129246164,25.344210129246164
42,48,138,45,135,7/720,0.009722222222222222,102.85714285714286,same,45.0,27.94228634059948,30.94228634059948
42,48,138,51,141,-7/752,-0.009308510638297872,107.42857142857143,opposite,45.0,27.94228634059948,24.94228634059948
42,54,150,50,146,7/657,0.0106544901065449,93.85714285714286,same,48.0,27.138438763306112,31.138438763306112
42,54,150,58,154,-1/99,-0.010101010101010102,99.0,opposite,48.0,27.138438763306112,23.138438763306112
42,57,156,53,152,7/722,0.009695290858725761,103.14285714285714,same,49.5,26.736514974659414,30.736514974659414
43,23,89,22,88,43/4048,0.010622529644268774,94.13953488372093,same,33.0,32.157676649772945,33.157676649772945
43,23,89,24,90,-43/4140,-0.01038647342995169,96.27906976744185,opposite,33.0,32.157676649772945,31.157676649772945
43,35,113,33,111,43/3885,0.011068211068211068,90.34883720930233,same,39.0,30.549981495186216,32.549981495186216
43,35,113,37,115,-43/4025,-0.010683229813664596,93.6046511627907,opposite,39.0,30.549981495186216,28.549981495186216
43,38,119,36,117,43/4446,0.009671614934772829,103.3953488372093,same,40.5,30.148057706539532,32.14805770653953
43,38,119,40,121,-43/4598,-0.009351892127011744,106.93023255813954,opposite,40.5,30.148057706539532,28.148057706539532
43,44,131,47,134,-129/11792,-0.010939620081411127,91.4108527131783,opposite,43.5,29.344210129246164,26.344210129246164
43,47,137,44,134,129/12596,0.010241346459193395,97.64341085271317,same,45.0,28.94228634059948,31.94228634059948
43,47,137,50,140,-129/13160,-0.009802431610942249,102.01550387596899,opposite,45.0,28.94228634059948,25.94228634059948
43,50,143,47,140,129/14000,0.009214285714285715,108.52713178294573,same,46.5,28.540362551952796,31.540362551952796
43,53,149,57,153,-86/8109,-0.010605500061659884,94.29069767441861,opposite,48.0,28.138438763306112,24.138438763306112
43,56,155,52,151,43/4228,0.010170293282876065,98.32558139534883,same,49.5,27.736514974659414,31.736514974659414
43,56,155,60,159,-43/4452,-0.009658580413297395,103.53488372093024,opposite,49.5,27.736514974659414,23.736514974659414
43,59,161,55,157,86/9263,0.009284249163338011,107.70930232558139,same,51.0,27.33459118601273,31.33459118601273
44,25,94,24,93,22/2325,0.00946236559139785,105.68181818181819,same,34.5,32.75575286112626,33.75575286112626
44,25,94,26,95,-22/2375,-0.009263157894736843,107.95454545454545,opposite,34.5,32.75575286112626,31.75575286112626
44,37,118,35,116,11/1073,0.010251630941286114,97.54545454545455,same,40.5,31.148057706539532,33.14805770653953
44,37,118,39,120,-11/1110,-0.00990990990990991,100.9090909090909,opposite,40.5,31.148057706539532,29.148057706539532
44,46,136,43,133,33/3059,0.010787839163125205,92.6969696969697,same,45.0,29.94228634059948,32.94228634059948
44,46,136,49,139,-33/3197,-0.010322177040975915,96.87878787878788,opposite,45.0,29.94228634059948,26.94228634059948
44,49,142,46,139,66/6811,0.009690207018059022,103.1969696969697,same,46.5,29.540362551952796,32.540362551952796
44,49,142,52,145,-66/7105,-0.00928923293455313,107.65151515151516,opposite,46.5,29.540362551952796,26.540362551952796
44,55,154,51,150,4/375,0.010666666666666666,93.75,same,49.5,28.736514974659414,32.736514974659414
44,55,154,59,158,-4/395,-0.010126582278481013,98.75,opposite,49.5,28.736514974659414,24.736514974659414
44,58,160,54,156,11/1131,0.009725906277630416,102.81818181818181,same,51.0,28.33459118601273,32.33459118601273
45,24,93,23,92,15/1472,0.010190217391304348,98.13333333333334,same,34.5,33.75575286112626,34.75575286112626
45,24,93,25,94,-15/1504,-0.00997340425531915,100.26666666666667,opposite,34.5,33.75575286112626,32.75575286112626
45,36,117,34,115,1/92,0.010869565217391304,92.0,same,40.5,32.14805770653953,34.14805770653953
45,36,117,38,119,-5/476,-0.01050420168067227,95.2,opposite,40.5,32.14805770653953,30.148057706539532
45,39,123,37,121,15/1573,0.009535918626827717,104.86666666666666,same,42.0,31.74613391789285,33.74613391789285
45,39,123,41,125,-3/325,-0.009230769230769232,108.33333333333333,opposite,42.0,31.74613391789285,29.74613391789285
45,45,135,48,138,-1/92,-0.010869565217391304,92.0,opposite,45.0,30.94228634059948,27.94228634059948
45,48,141,45,138,15/1472,0.010190217391304348,98.13333333333334,same,46.5,30.540362551952796,33.540362551952796
45,48,141,51,144,-5/512,-0.009765625,102.4,opposite,46.5,30.540362551952796,27.540362551952796
45,51,147,48,144,5/544,0.009191176470588236,108.8,same,48.0,30.138438763306112,33.13843876330611
45,54,153,58,157,-5/471,-0.010615711252653927,94.2,opposite,49.5,29.736514974659414,25.736514974659414
45,57,159,53,155,6/589,0.010186757215619695,98.16666666666667,same,51.0,29.33459118601273,33.33459118601273
45,60,165,56,161,3/322,0.009316770186335404,107.33333333333333,same,52.5,28.932667397366046,32.932667397366046
46,23,92,22,91,1/91,0.01098901098901099,91.0,same,34.5,34.75575286112626,35.75575286112626
46,23,92,24,93,-1/93,-0.010752688172043012,93.0,opposite,34.5,34.75575286112626,33.75575286112626
46,26,98,25,97,23/2522,0.009119746233148296,109.65217391304348,same,36.0,34.35382907247958,35.35382907247958
46,38,122,36,120,23/2280,0.010087719298245614,99.1304347826087,same,42.0,32.74613391789285,34.74613391789285
46,38,122,40,124,-23/2356,-0.009762308998302207,102.43478260869566,opposite,42.0,32.74613391789285,30.74613391789285
46,47,140,44,137,69/6439,0.010715949681627581,93.31884057971014,same,46.5,31.540362551952796,34.540362551952796
46,47,140,50,143,-69/6721,-0.010266329415265585,97.40579710144928,opposite,46.5,31.540362551952796,28.540362551952796
46,50,146,47,143,69/7150,0.00965034965034965,103.6231884057971,same,48.0,31.138438763306112,34.13843876330611
46,50,146,53,149,-69/7450,-0.009261744966442952,107.97101449275362,opposite,48.0,31.138438763306112,28.138438763306112
46,56,158,52,154,23/2156,0.010667903525046383,93.73913043478261,same,51.0,30.33459118601273,34.33459118601273
46,56,158,60,162,-23/2268,-0.010141093474426807,98.6086956521739,opposite,51.0,30.33459118601273,26.33459118601273
46,59,164,55,160,23/2360,0.009745762711864408,102.6086956521739,same,52.5,29.932667397366046,33.932667397366046
47,25,97,24,96,47/4800,0.009791666666666667,102.12765957446808,same,36.0,35.35382907247958,36.35382907247958
47,25,97,26,98,-47/4900,-0.009591836734693878,104.25531914893617,opposite,36.0,35.35382907247958,34.35382907247958
47,37,121,35,119,47/4403,0.010674540086304793,93.68085106382979,same,42.0,33.74613391789285,35.74613391789285
47,37,121,39,123,-47/4551,-0.01032740057130301,96.82978723404256,opposite,42.0,33.74613391789285,31.74613391789285
47,40,127,38,125,47/5000,0.0094,106.38297872340425,same,43.5,33.344210129246164,35.344210129246164
47,40,127,42,129,-47/5160,-0.009108527131782946,109.7872340425532,opposite,43.5,33.344210129246164,31.344210129246164
47,46,139,49,142,-141/13064,-0.010793018983466013,92.65248226950355,opposite,46.5,32.540362551952796,29.540362551952796
47,49,145,46,142,141/13916,0.010132221902845646,98.69503546099291,same,48.0,32.13843876330611,35.13843876330611
47,49,145,52,148,-141/14504,-0.009721456150027579,102.86524822695036,opposite,48.0,32.13843876330611,29.138438763306112
47,52,151,49,148,141/15392,0.009160602910602911,109.16312056737588,same,49.5,31.736514974659414,34.736514974659414
47,55,157,59,161,-94/8855,-0.010615471485036703,94.20212765957447,opposite,51.0,31.33459118601273,27.33459118601273
47,58,163,54,159,47/4611,0.01019301669919757,98.1063829787234,same,52.5,30.932667397366046,34.932667397366046
48,24,96,23,95,1/95,0.010526315789473684,95.0,same,36.0,36.35382907247958,37.35382907247958
48,24,96,25,97,-1/97,-0.010309278350515464,97.0,opposite,36.0,36.35382907247958,35.35382907247958
48,36,120,38,122,-2/183,-0.01092896174863388,91.5,opposite,42.0,34.74613391789285,32.74613391789285
48,39,126,37,124,4/403,0.009925558312655087,100.75,same,43.5,34.344210129246164,36.344210129246164
48,39,126,41,128,-1/104,-0.009615384615384616,104.0,opposite,43.5,34.344210129246164,32.344210129246164
48,48,144,45,141,1/94,0.010638297872340425,94.0,same,48.0,33.13843876330611,36.13843876330611
48,48,144,51,147,-1/98,-0.01020408163265306,98.0,opposite,48.0,33.13843876330611,30.138438763306112
48,51,150,48,147,8/833,0.009603841536614645,104.125,same,49.5,32.736514974659414,35.736514974659414
48,51,150,54,153,-8/867,-0.00922722029988466,108.375,opposite,49.5,32.736514974659414,29.736514974659414
48,54,156,58,160,-1/90,-0.011111111111111112,90.0,opposite,51.0,32.33459118601273,28.33459118601273
48,57,162,53,158,16/1501,0.010659560293137908,93.8125,same,52.5,31.932667397366046,35.932667397366046
48,60,168,56,164,2/205,0.00975609756097561,102.5,same,54.0,31.530743608719362,35.53074360871936
49,23,95,24,96,-49/4416,-0.011096014492753624,90.12244897959184,opposite,36.0,37.35382907247958,36.35382907247958
49,26,101,25,100,49/5200,0.009423076923076923,106.12244897959184,same,37.5,36.9519052838329,37.9519052838329
49,26,101,27,102,-49/5304,-0.009238310708898944,108.24489795918367,opposite,37.5,36.9519052838329,35.9519052838329
49,38,125,36,123,49/4674,0.010483525887890458,95.38775510204081,same,43.5,35.344210129246164,37.344210129246164
49,38,125,40,127,-49/4826,-0.010153336096145877,98.48979591836735,opposite,43.5,35.344210129246164,33.344210129246164
49,41,131,39,129,49/5289,0.00926451124976366,107.93877551020408,same,45.0,34.94228634059948,36.94228634059948
49,47,143,50,146,-147/13724,-0.010711162926260566,93.36054421768708,opposite,48.0,34.13843876330611,31.138438763306112
49,50,149,47,146,147/14600,0.010068493150684931,99.31972789115646,same,49.5,33.736514974659414,36.736514974659414
49,50,149,53,152,-147/15200,-0.009671052631578947,103.40136054421768,opposite,49.5,33.736514974659414,30.736514974659414
49,53,155,50,152,147/16112,0.009123634558093346,109.60544217687075,same,51.0,33.33459118601273,36.33459118601273
49,56,161,60,165,-7/660,-0.010606060606060607,94.28571428571429,opposite,52.5,32.932667397366046,28.932667397366046
49,59,167,55,163,98/9617,0.01019028803161069,98.13265306122449,same,54.0,32.53074360871936,36.53074360871936
50,25,100,24,99,1/99,0.010101010101010102,99.0,same,37.5,37.9519052838329,38.9519052838329
50,25,100,26,101,-1/101,-0.009900990099009901,101.0,opposite,37.5,37.9519052838329,36.9519052838329
50,37,124,35,122,25/2257,0.011076650420912717,90.28,same,43.5,36.344210129246164,38.344210129246164
50,37,124,39,126,-25/2331,-0.010725010725010725,93.24,opposite,43.5,36.344210129246164,34.344210129246164
50,40,130,38,128,5/512,0.009765625,102.4,same,45.0,35.94228634059948,37.94228634059948
50,40,130,42,132,-5/528,-0.00946969696969697,105.6,opposite,45.0,35.94228634059948,33.94228634059948
50,49,148,46,145,15/1421,0.01055594651653765,94.73333333333333,same,49.5,34.736514974659414,37.736514974659414
50,49,148,52,151,-75/7399,-0.010136504933099068,98.65333333333334,opposite,49.5,34.736514974659414,31.736514974659414
50,52,154,49,151,75/7852,0.009551706571574121,104.69333333333333,same,51.0,34.33459118601273,37.33459118601273
50,52,154,55,157,-75/8164,-0.009186673199412052,108.85333333333334,opposite,51.0,34.33459118601273,31.33459118601273
50,55,160,59,164,-5/451,-0.011086474501108648,90.2,opposite,52.5,33.932667397366046,29.932667397366046
50,58,166,54,162,25/2349,0.010642826734780758,93.96,same,54.0,33.53074360871936,37.53074360871936
51,24,99,23,98,17/1568,0.010841836734693877,92.23529411764706,same,37.5,38.9519052838329,39.9519052838329
51,24,99,25,100,-17/1600,-0.010625,94.11764705882354,opposite,37.5,38.9519052838329,37.9519052838329
51,39,129,37,127,17/1651,0.01029678982434888,97.11764705882354,same,45.0,36.94228634059948,38.94228634059948
51,39,129,41,131,-17/1703,-0.009982384028185555,100.17647058823529,opposite,45.0,36.94228634059948,34.94228634059948
51,42,135,40,133,17/1862,0.009129967776584319,109.52941176470588,same,46.5,36.540362551952796,38.540362551952796
51,48,147,45,144,17/1536,0.011067708333333334,90.3529411764706,same,49.5,35.736514974659414,38.736514974659414
51,48,147,51,150,-17/1600,-0.010625,94.11764705882354,opposite,49.5,35.736514974659414,32.736514974659414
51,51,153,48,150,1/100,0.01,100.0,same,51.0,35.33459118601273,38.33459118601273
51,51,153,54,156,-1/104,-0.009615384615384616,104.0,opposite,51.0,35.33459118601273,32.33459118601273
51,60,171,56,167,17/1670,0.010179640718562874,98.23529411764706,same,55.5,34.12881982007268,38.12881982007268
52,26,104,25,103,1/103,0.009708737864077669,103.0,same,39.0,39.549981495186216,40.549981495186216
52,26,104,27,105,-1/105,-0.009523809523809525,105.0,opposite,39.0,39.549981495186216,38.549981495186216
52,38,128,36,126,13/1197,0.01086048454469507,92.07692307692308,same,45.0,37.94228634059948,39.94228634059948
52,38,128,40,130,-1/95,-0.010526315789473684,95.0,opposite,45.0,37.94228634059948,35.94228634059948
52,41,134,39,132,13/1353,0.009608277900960829,104.07692307692308,same,46.5,37.540362551952796,39.540362551952796
52,41,134,43,136,-13/1394,-0.009325681492109038,107.23076923076923,opposite,46.5,37.540362551952796,35.540362551952796
52,50,152,47,149,39/3725,0.01046979865771812,95.51282051282051,same,51.0,36.33459118601273,39.33459118601273
52,50,152,53,155,-39/3875,-0.010064516129032258,99.35897435897436,opposite,51.0,36.33459118601273,33.33459118601273
52,53,158,50,155,78/8215,0.009494826536822884,105.32051282051282,same,52.5,35.932667397366046,38.932667397366046
52,53,158,56,161,-78/8533,-0.009140982069612094,109.3974358974359,opposite,52.5,35.932667397366046,32.932667397366046
52,56,164,60,168,-13/1176,-0.011054421768707483,90.46153846153847,opposite,54.0,35.53074360871936,31.530743608719362
52,59,170,55,166,52/4897,0.010618746171125178,94.17307692307692,same,55.5,35.12881982007268,39.12881982007268
53,25,103,24,102,53/5100,0.010392156862745097,96.22641509433963,same,39.0,40.549981495186216,41.549981495186216
53,25,103,26,104,-53/5200,-0.010192307692307691,98.11320754716981,opposite,39.0,40.549981495186216,39.549981495186216
53,37,127,39,129,-53/4773,-0.011104127383197151,90.05660377358491,opposite,45.0,38.94228634059948,36.94228634059948
53,40,133,38,131,53/5240,0.010114503816793893,98.86792452830188,same,46.5,38.540362551952796,40.540362551952796
53,40,133,42,135,-53/5400,-0.009814814814814814,101.88679245283019,opposite,46.5,38.540362551952796,36.540362551952796
53,49,151,46,148,159/14504,0.010962493105350248,91.22012578616352,same,51.0,37.33459118601273,40.33459118601273
53,49,151,52,154,-159/15092,-0.010535382984362577,94.91823899371069,opposite,51.0,37.33459118601273,34.33459118601273
53,52,157,49,154,159/16016,0.009927572427572428,100.72955974842768,same,52.5,36.932667397366046,39.932667397366046
53,52,157,55,160,-159/16640,-0.009555288461538462,104.65408805031447,opposite,52.5,36.932667397366046,33.932667397366046
53,58,169,54,165,53/4785,0.011076280041797283,90.28301886792453,same,55.5,36.12881982007268,40.12881982007268
54,24,102,25,103,-9/824,-0.010922330097087379,91.55555555555556,opposite,39.0,41.549981495186216,40.549981495186216
54,27,108,26,107,1/107,0.009345794392523364,107.0,same,40.5,41.14805770653953,42.14805770653953
54,27,108,28,109,-1/109,-0.009174311926605505,109.0,opposite,40.5,41.14805770653953,40.14805770653953
54,39,132,37,130,9/845,0.010650887573964497,93.88888888888889,same,46.5,39.540362551952796,41.540362551952796
54,39,132,41,134,-9/871,-0.010332950631458095,96.77777777777777,opposite,46.5,39.540362551952796,37.540362551952796
54,42,138,40,136,9/952,0.009453781512605041,105.77777777777777,same,48.0,39.13843876330611,41.13843876330611
54,42,138,44,140,-9/980,-0.009183673469387756,108.88888888888889,opposite,48.0,39.13843876330611,37.13843876330611
54,48,150,51,153,-3/272,-0.011029411764705883,90.66666666666667,opposite,51.0,38.33459118601273,35.33459118601273
54,51,156,48,153,3/289,0.010380622837370242,96.33333333333333,same,52.5,37.932667397366046,40.932667397366046
54,51,156,54,159,-9/901,-0.009988901220865706,100.11111111111111,opposite,52.5,37.932667397366046,34.932667397366046
54,54,162,51,159,1/106,0.009433962264150943,106.0,same,54.0,37.53074360871936,40.53074360871936
54,54,162,57,165,-1/110,-0.00909090909090909,110.0,opposite,54.0,37.53074360871936,34.53074360871936
54,60,174,56,170,9/850,0.010588235294117647,94.44444444444444,same,57.0,36.726896031425994,40.726896031425994
55,26,107,25,106,55/5512,0.00997822931785196,100.21818181818182,same,40.5,42.14805770653953,43.14805770653953
55,26,107,27,108,-55/5616,-0.009793447293447293,102.10909090909091,opposite,40.5,42.14805770653953,41.14805770653953
55,38,131,40,133,-55/5054,-0.010882469331222795,91.89090909090909,opposite,46.5,40.540362551952796,38.540362551952796
55,41,137,39,135,11/1107,0.00993676603432701,100.63636363636364,same,48.0,40.13843876330611,42.13843876330611
55,41,137,43,139,-55/5699,-0.009650815932619758,103.61818181818182,opposite,48.0,40.13843876330611,38.13843876330611
55,50,155,47,152,33/3040,0.010855263157894738,92.12121212121212,same,52.5,38.932667397366046,41.932667397366046
55,50,155,53,158,-33/3160,-0.010443037974683544,95.75757575757575,opposite,52.5,38.932667397366046,35.932667397366046
55,53,161,50,158,165/16748,0.009851922617625986,101.5030303030303,same,54.0,38.53074360871936,41.53074360871936
55,53,161,56,164,-165/17384,-0.009491486424298205,105.35757575757576,opposite,54.0,38.53074360871936,35.53074360871936
55,59,173,55,169,110/9971,0.011031992779059271,90.64545454545454,same,57.0,37.726896031425994,41.726896031425994
56,25,106,24,105,4/375,0.010666666666666666,93.75,same,40.5,43.14805770653953,44.14805770653953
56,25,106,26,107,-28/2675,-0.010467289719626169,95.53571428571429,opposite,40.5,43.14805770653953,42.14805770653953
56,40,136,38,134,7/670,0.010447761194029851,95.71428571428571,same,48.0,41.13843876330611,43.13843876330611
56,40,136,42,138,-7/690,-0.010144927536231883,98.57142857142857,opposite,48.0,41.13843876330611,39.13843876330611
56,43,142,41,140,2/215,0.009302325581395349,107.5,same,49.5,40.736514974659414,42.736514974659414
56,49,154,52,157,-12/1099,-0.01091901728844404,91.58333333333333,opposite,52.5,39.932667397366046,36.932667397366046
56,52,160,49,157,21/2041,0.0102890739833415,97.19047619047619,same,54.0,39.53074360871936,42.53074360871936
56,52,160,55,163,-21/2119,-0.009910335063709298,100.9047619047619,opposite,54.0,39.53074360871936,36.53074360871936
56,55,166,52,163,84/8965,0.009369771332961517,106.72619047619048,same,55.5,39.12881982007268,42.12881982007268
57,27,111,26,110,19/1980,0.009595959595959595,104.21052631578948,same,42.0,43.74613391789285,44.74613391789285
57,27,111,28,112,-19/2016,-0.009424603174603174,106.10526315789474,opposite,42.0,43.74613391789285,42.74613391789285
57,39,135,37,133,1/91,0.01098901098901099,91.0,same,48.0,42.13843876330611,44.13843876330611
57,39,135,41,137,-19/1781,-0.010668163952835485,93.73684210526316,opposite,48.0,42.13843876330611,40.13843876330611
57,42,141,40,139,19/1946,0.009763617677286743,102.42105263157895,same,49.5,41.736514974659414,43.736514974659414
57,42,141,44,143,-19/2002,-0.00949050949050949,105.36842105263158,opposite,49.5,41.736514974659414,39.736514974659414
57,51,159,48,156,19/1768,0.010746606334841629,93.05263157894737,same,54.0,40.53074360871936,43.53074360871936
57,51,159,54,162,-19/1836,-0.010348583877995643,96.63157894736842,opposite,54.0,40.53074360871936,37.53074360871936
57,54,165,51,162,19/1944,0.00977366255144033,102.3157894736842,same,55.5,40.12881982007268,43.12881982007268
57,54,165,57,168,-19/2016,-0.009424603174603174,106.10526315789474,opposite,55.5,40.12881982007268,37.12881982007268
57,60,177,56,173,19/1730,0.010982658959537572,91.05263157894737,same,58.5,39.32497224277931,43.32497224277931
58,26,110,25,109,29/2834,0.010232886379675371,97.72413793103448,same,42.0,44.74613391789285,45.74613391789285
58,26,110,27,111,-29/2886,-0.010048510048510048,99.51724137931035,opposite,42.0,44.74613391789285,43.74613391789285
58,41,140,39,138,29/2829,0.010250972074938141,97.55172413793103,same,49.5,42.736514974659414,44.736514974659414
58,41,140,43,142,-29/2911,-0.00996221229817932,100.37931034482759,opposite,49.5,42.736514974659414,40.736514974659414
58,44,146,42,144,29/3168,0.009154040404040404,109.24137931034483,same,51.0,42.33459118601273,44.33459118601273
58,50,158,53,161,-87/8050,-0.010807453416149068,92.52873563218391,opposite,54.0,41.53074360871936,38.53074360871936
58,53,164,50,161,87/8533,0.010195710769951951,98.08045977011494,same,55.5,41.12881982007268,44.12881982007268
58,53,164,56,167,-87/8851,-0.00982939780815727,101.73563218390805,opposite,55.5,41.12881982007268,38.12881982007268
58,56,170,53,167,87/9352,0.009302822925577417,107.49425287356321,same,57.0,40.726896031425994,43.726896031425994
59,25,109,24,108,59/5400,0.010925925925925926,91.52542372881356,same,42.0,45.74613391789285,46.74613391789285
59,25,109,26,110,-59/5500,-0.010727272727272728,93.22033898305085,opposite,42.0,45.74613391789285,44.74613391789285
59,28,115,27,114,59/6384,0.009241854636591478,108.20338983050847,same,43.5,45.344210129246164,46.344210129246164
59,40,139,38,137,59/5480,0.010766423357664234,92.88135593220339,same,49.5,43.736514974659414,45.736514974659414
59,40,139,42,141,-59/5640,-0.010460992907801418,95.59322033898304,opposite,49.5,43.736514974659414,41.736514974659414
59,43,145,41,143,59/6149,0.009595056106684013,104.22033898305085,same,51.0,43.33459118601273,45.33459118601273
59,43,145,45,147,-59/6321,-0.009333966144597373,107.13559322033899,opposite,51.0,43.33459118601273,41.33459118601273
59,52,163,49,160,177/16640,0.010637019230769231,94.01129943502825,same,55.5,42.12881982007268,45.12881982007268
59,52,163,55,166,-177/17264,-0.010252548656163114,97.53672316384181,opposite,55.5,42.12881982007268,39.12881982007268
59,55,169,52,166,177/18260,0.009693318729463309,103.1638418079096,same,57.0,41.726896031425994,44.726896031425994
59,55,169,58,172,-177/18920,-0.009355179704016914,106.89265536723164,opposite,57.0,41.726896031425994,38.726896031425994
60,27,114,26,113,10/1017,0.00983284169124877,101.7,same,43.5,46.344210129246164,47.344210129246164
60,27,114,28,115,-2/207,-0.00966183574879227,103.5,opposite,43.5,46.344210129246164,45.344210129246164
60,39,138,41,140,-1/91,-0.01098901098901099,91.0,opposite,49.5,44.736514974659414,42.736514974659414
60,42,144,40,142,5/497,0.01006036217303823,99.4,same,51.0,44.33459118601273,46.33459118601273
60,42,144,44,146,-5/511,-0.009784735812133072,102.2,opposite,51.0,44.33459118601273,42.33459118601273
60,51,162,48,159,10/901,0.011098779134295227,90.1,same,55.5,43.12881982007268,46.12881982007268
60,51,162,54,165,-2/187,-0.0106951871657754,93.5,opposite,55.5,43.12881982007268,40.12881982007268
60,54,168,51,165,1/99,0.010101010101010102,99.0,same,57.0,42.726896031425994,45.726896031425994
60,54,168,57,171,-5/513,-0.009746588693957114,102.6,opposite,57.0,42.726896031425994,39.726896031425994
60,57,174,54,171,10/1083,0.009233610341643583,108.3,same,58.5,42.32497224277931,45.32497224277931
