quantity,paper,limit_2.0,limit_0.9,difference_0.9_minus_2.0
xs,0.476,0.42662192437516566,0.19468671775985402,-0.23193520661531164
xp1,0.762,0.786689037812417,0.352656641120073,-0.43403239669234395
xr1,2.0,1.9999999999999996,0.9,-1.0999999999999996
xp2,0.536,0.5269179608852921,0.28869114309714444,-0.23822681778814764
xr2,1.21,1.178347996053891,0.3660516086242659,-0.8122963874296251
center_mm,,21.252288560795947,20.80889658580155,-0.4433919749943982
forward_percent_eq64,89.0,91.98586694571155,90.24155344528162,-1.744313500429925
backward_percent_printed_eq75,85.3,93.2163164451388,91.34143254717888,-1.8748838979599185
backward_percent_force_balance,85.3,91.52194471775417,89.51017686535515,-2.011767852399018
